country_iso3,inflation_rate,landlocked,gdp_per_capita,area,merchandise_of_gdp,net_barter_of_trade,industry_of_gdp,agriculture_forestry_fishing_of_gdp,gdp_growth,foreign_direct_investment_inflows,langoff_1,gdp_us_dollar,continent,population
AFG,-0.6617091647,1,578.4663529,652225,41.66350318,152.2335065,22.12404249,20.63432272,1.451314655,169146608.0,Persian,19907111419.0,Asia,34413603.0
AGO,9.150372075,0,4166.979833,1246700,46.36570106,137.4660466,41.93309265,9.122534471,0.9435715613,10028215163.0,Portuguese,116193649124.0,Africa,27884380.0
ALB,3.501208355,0,3952.801215,28748,54.61564884,92.65394254,21.76366248,19.78022452,2.218752232,989578334.8,Albanian,11386846319.0,Europe,2880703.0
ARE,4.069966084,0,38663.4005,83657,157.4528904,148.5987821,43.89381417,0.7409992465,5.105936984,8550901847.0,Arabic,358135057862.0,Asia,9262896.0
ARG,15.0,0,13789.06042,2766889,19.67030526,146.3443414,23.15305614,5.156685902,2.731159828,11758994011.0,Spanish,594749285413.0,America,43131966.0
ARM,3.731691193,1,3607.289299,29800,44.76308962,118.5089449,25.70869944,17.22312003,3.199999999,184127986.3,Armenian,10553337673.0,Asia,2925559.0
ATG,0.9689934588,0,14285.32978,442,38.52793102,55.89818757,16.45797948,1.612326721,3.825293099,114024660.1,English,1336692593.0,America,93571.0
AUS,1.508366722,0,56755.72171,7686848,29.31025843,148.1965091,23.64420556,2.372644114,2.192647426,46892808568.0,English,1351693984525.0,Pacific,23815995.0
AUT,0.8965633353,1,44178.04738,83858,80.86951141,88.49922641,25.17491325,1.129790194,1.014501586,-7975773544.0,German,381817565894.0,Europe,8642699.0
AZE,4.027685737,1,5500.310382,86600,48.62799081,119.8082918,44.89132034,6.177638838,1.049546368,4047630000.0,Azeri,53074370486.0,Asia,9649341.0
BDI,5.544688913,1,305.549646,27834,31.50372506,145.5109372,11.76494577,30.68083011,-3.900003086,49622865.77,French,3104394858.0,Africa,10160034.0
BEL,0.5614291528,0,40991.80814,33114,167.1257245,95.64220047,19.66988832,0.6864147805,2.041459009,-19514245855.0,Dutch,462149679344.0,Europe,11274196.0
BEN,0.2187859235,0,1076.796702,112622,37.25799101,119.5880978,16.38509544,26.39208509,1.77815106,149755663.3,French,11388160958.0,Africa,10575962.0
BFA,0.7248389811,1,653.3272681,274200,44.42130872,126.1303463,24.35081157,22.63307521,3.921228794,231901703.7,French,11832159276.0,Africa,18110616.0
BGD,6.19428023,0,1248.45331,143998,38.15178599,68.99045857,26.83139483,14.78299644,6.552639879,2831152765.0,Bengali,195078678697.0,Asia,156256287.0
BGR,-0.104633261,0,7055.935673,110994,107.7566744,111.7467553,23.67656566,4.02320785,3.989851714,2221390000.0,Bulgarian,50647442757.0,Europe,7177991.0
BHR,1.848627424,0,22634.08565,678,93.22835725,130.3197412,40.15386671,0.3162301799,2.485378558,64893617.02,Arabic,31050638298.0,Asia,1371853.0
BHS,1.878438324,0,31295.56387,13939,29.67346381,81.06273622,11.51159613,0.8240256857,0.2304781235,76075924.75,English,11710800000.0,America,374200.0
BIH,-1.036023034,0,4727.276333,51233,86.87637583,103.1253283,22.626408,6.238163739,3.089164152,383089615.7,Serbo-Croatian,16211541820.0,Europe,3429362.0
BLR,13.53448976,0,5949.106307,207595,100.8808218,98.81150801,32.69242811,6.283296561,-3.829570558,1652300000.0,Belarussian,56454734397.0,Europe,9489616.0
BOL,4.059610411,1,3035.971655,1098581,56.036027,109.1844441,25.20241628,10.23949411,4.857187232,554643532.3,Spanish,33000198248.0,America,10869732.0
BRA,9.029901024,0,8814.001418,8511920,20.54278367,106.4142912,19.36004398,4.319132751,-3.545763393,64738153494.0,Portuguese,1802214373741.0,America,204471759.0
BRN,-0.4883474207,0,31164.03625,5765,74.10446507,152.612246,61.36235797,1.102486219,-0.3923837495,171289167.8,Malay,12930394938.0,Asia,414914.0
BTN,4.548143951,1,2752.630172,46620,80.35543202,117.497422,42.48708598,14.43686801,6.642232105,6450953.85,Burmese,2003598213.0,Asia,727885.0
BWA,3.062031696,1,6799.870178,600372,93.99058378,90.60780893,29.9804633,2.201069918,-1.697935427,378554181.5,English,14420593484.0,Africa,2120716.0
CAF,1.402970171,1,377.422919,622984,25.47431593,78.06449554,22.12525135,31.52738103,4.33712103,3000000.0,French,1695825708.0,Africa,4493171.0
CAN,1.125241361,0,43596.13554,9976139,53.97887832,102.9364752,24.41568255,1.869835946,0.6591768636,59986208237.0,English,1556129524418.0,America,35702908.0
CHE,-1.143908672,1,84776.14217,41288,77.29791698,107.8572424,24.4757091,0.6192807831,1.333369175,118752400109.0,German,679832292005.0,Europe,8282396.0
CHL,4.348773532,0,13574.16924,756945,51.00994981,187.0832936,29.77604704,3.63888345,2.303767036,20879139389.0,Spanish,243919085309.0,America,17969356.0
CHN,1.437023809,0,8066.942635,9572378,35.73669964,92.53344984,40.84133997,8.387014882,7.041328879,242489331627.0,Chinese,11061553079876.0,Asia,1371220000.0
CIV,1.251499548,0,1972.545683,322463,46.40874825,172.028851,19.53306025,18.36220725,8.84285995,494408755.8,French,45814637971.0,Africa,23226148.0
CMR,2.685982772,0,1327.502561,475442,32.6655019,139.743462,25.18184745,14.77247235,5.651463744,694336734.9,French,30928653814.0,Africa,23298376.0
COG,3.169097968,0,2447.539308,342000,161.3144982,165.3821674,47.801808,5.936442719,-3.235257871,4278118365.0,French,11953249530.0,Africa,4856093.0
COL,4.990234275,0,6175.87603,1141748,30.58077735,110.5106749,28.58944789,5.980424808,2.955901375,11723936974.0,Spanish,293481748241.0,America,47520667.0
COM,0.94,0,1242.585682,1862,23.91231077,137.3650485,10.40840816,30.59862821,1.116140583,4936699.51,Arabic,966029542.0,Africa,777435.0
CRI,0.8019820051,0,11642.77805,51076,45.52467575,99.90114876,19.96787847,4.749110429,3.631731442,2955521681.0,Spanish,54775994479.0,America,4847805.0
CYP,-2.096997691,0,23408.33668,9251,51.99974681,92.45742353,10.20230476,1.874271799,3.21856901,28960532080.0,Greek,19842404305.0,Europe,1160987.0
CZE,0.3093645485,1,17829.69832,78864,159.1432992,103.937475,33.7818228,2.211213873,5.388380838,1699914617.0,Czech,188033050460.0,Europe,10546059.0
DEU,0.5144205395,0,41086.72967,357325,70.83346372,99.77576049,27.10978858,0.6846915914,1.491931528,62422464519.0,German,3356235704120.0,Europe,81686611.0
DMA,-0.8438269846,0,7597.288894,751,45.12359674,104.7550973,12.53364749,14.05557572,-2.691108924,11051185.73,English,540737037.0,America,71175.0
DNK,0.4520341537,0,53254.85637,43094,59.82692794,100.8986677,19.98745459,0.9575802013,2.342591108,1850770715.0,Danish,302673070847.0,Europe,5683483.0
DOM,0.8367463467,0,6921.520594,48734,37.02531399,109.3756591,28.49636818,5.484695931,6.927018774,2227300000.0,Spanish,71164825258.0,America,10281675.0
DZA,4.784447007,0,4177.886892,2381741,52.03664889,188.3084621,35.72609326,11.57871468,3.7,-537792920.9,Arabic,166361491141.0,Africa,39728020.0
ECU,3.966646233,0,6124.490887,275716,40.13379705,118.9225335,31.87212767,9.454851422,0.09887260835,1322701337.0,Spanish,99290381000.0,America,16212022.0
EGY,10.37049034,0,3562.932658,1001449,25.78373338,144.8927869,36.63020582,11.39406277,4.372019079,6925200000.0,Arabic,329366576819.0,Africa,92442549.0
ESP,-0.5004613214,0,25732.01836,505954,49.71261153,92.3405577,20.08695329,2.735363172,3.83517266,23037070821.0,Spanish,1195119269972.0,Europe,46444832.0
EST,-0.4923260065,0,17522.23019,45227,118.6913147,94.12890382,23.69006384,2.837301029,1.844886677,-715465129.9,Estonian,23048864243.0,Europe,1315407.0
ETH,9.56889956,1,640.5419231,1127127,30.37033901,139.9125262,16.29779364,36.05697539,10.39246302,2626517918.0,Amharic,64589334979.0,Africa,100835453.0
FIN,-0.2079288399,0,42784.69836,336593,51.2911442,92.70763578,23.3058164,2.25370769,0.5436592118,16849216580.0,Swedish,234440080998.0,Europe,5479531.0
FJI,1.374885426,0,5390.714207,18333,63.55515678,108.961394,15.17127027,7.871624085,4.502018108,205373209.1,English,4682546881.0,Pacific,868632.0
FRA,0.03751438051,0,36638.18493,547026,44.17268936,91.16919633,17.67969171,1.605644387,1.112912341,42825414106.0,French,2438207896252.0,Europe,66548272.0
GAB,-0.3387951888,0,7384.700704,267667,57.59534146,143.9722072,48.1836273,4.311629044,3.878899395,41707702.33,French,14383107714.0,Africa,1947690.0
GBR,0.3680468423,0,45039.23595,244110,37.36561298,96.79833371,18.41990247,0.6474648124,2.355524306,45333483122.0,English,2928591002003.0,Europe,65116219.0
GEO,4.003578207,0,4014.185944,69700,63.55511183,137.5521703,19.15249742,7.813761603,3.02220738,1735285392.0,Georgian,14953950557.0,Asia,3725276.0
GHA,17.1499695,0,1705.575082,238538,50.0769421,178.2055095,32.13687984,20.78519837,2.178206744,3192320531.0,English,48564863888.0,Africa,27849203.0
GIN,10.82068212,0,769.2554754,245857,45.1774908,99.46276203,26.32463978,18.47824205,3.81494989,53272458.42,French,8794202444.0,Africa,11432096.0
GMB,6.808454946,0,660.7235712,11295,38.81940064,104.0943992,17.14345306,22.20888602,4.058073804,-1692732.888,English,1378176868.0,Africa,2085860.0
GNB,1.476720489,0,603.3993815,36125,43.78811542,93.10422561,12.25397134,46.78812527,6.134082941,18575499.45,Portuguese,1048229629.0,Africa,1737207.0
GNQ,1.676630853,0,11283.39805,28051,76.03050602,142.0181458,59.10058727,1.888390876,-9.110041149,233325072.8,Spanish,13185496836.0,Africa,1168575.0
GRC,-1.736036796,0,18050.09761,131621,38.57299489,89.84268084,14.51791441,3.870379016,-0.4378338258,1268938506.0,Greek,196591353872.0,Europe,10820883.0
GRD,-0.5154480314,0,9096.538652,345,40.62154266,108.3896654,12.32439773,7.428340961,6.443143733,153325880.4,English,997007925.9,America,109603.0
GTM,2.388720328,0,3994.636913,108889,45.53583611,171.8265134,22.73751094,9.967003032,4.092170586,1203355080.0,Spanish,62186186576.0,America,15567419.0
GUY,-1.001734328,0,5576.82607,214970,61.75463981,117.2699143,24.71867183,25.44308326,0.6873980562,137700000.0,English,4279840362.0,America,767433.0
HND,3.15783118,0,2302.204411,112088,92.4748081,127.3988486,25.64997094,12.21597845,3.840079971,1316679827.0,Spanish,20979767785.0,America,9112904.0
HRV,-0.4644990046,0,11781.73479,56538,67.63350719,100.1869237,21.37604776,3.010336887,2.431888573,52276286.8,Serbo-Croatian,49525747504.0,Europe,4203604.0
HTI,6.731840697,0,1389.119779,27750,30.72545837,265.9189468,25.97545776,17.24028523,1.616915115,105680000.0,French,14857386164.0,America,10695540.0
HUN,-0.06164468006,1,12706.89121,93032,152.3070857,100.8207672,26.40388802,3.792589888,3.819428379,-5266437315.0,Hungarian,125074286021.0,Europe,9843028.0
IDN,6.363121131,0,3331.695115,1933658,34.04304562,116.1478699,40.0478624,13.49264356,4.8763223,19779127977.0,Indonesian,860854235065.0,Asia,258383257.0
IND,4.906973441,0,1605.605445,3287590,31.4739416,104.2283051,27.34739148,16.17450811,7.996253444,44009492130.0,English,2103587817042.0,Asia,1310152392.0
IRL,-0.289879079,0,62000.11881,70285,68.72142541,96.68188659,38.37551997,0.8954320749,25.1625331,237060224929.0,English,291499812215.0,Europe,4701957.0
IRN,12.48468156,0,4904.327315,1648100,29.92896666,139.2929122,32.96959372,10.48470358,-1.32064512,2050000000.0,Persian,384951479697.0,Asia,78492208.0
IRQ,1.393330288,0,4688.318017,437072,69.61152437,122.7965236,45.34028882,4.191868175,2.477664617,-7574200000.0,Arabic,177498577313.0,Asia,35572269.0
ISL,1.633055582,0,52951.68151,102819,57.26368356,94.6832755,20.23634735,5.31069137,4.748984972,1145767445.0,Icelandic,17389101639.0,Europe,330815.0
ISR,-0.6343906511,0,35813.71341,21621,42.02550629,112.0266127,20.16533233,1.191712519,2.290092133,11336200000.0,Hebrew,299813121135.0,Asia,8380100.0
ITA,0.03879039966,0,30230.2263,301323,47.27432652,102.698258,20.85638428,2.065236762,0.7783043507,13303439230.0,Italian,1835899237320.0,Europe,60730582.0
JAM,3.691542289,0,4907.927415,10991,44.09069167,85.65263977,19.26603791,6.308335899,0.9226821403,924977863.7,English,14187696311.0,America,2891024.0
JOR,-0.8768513597,0,4164.108769,91862,73.3614608,79.28900117,25.23280589,4.392268659,2.496528695,1600281690.0,Arabic,38587017944.0,Asia,9266573.0
JPN,0.7895178901,0,34524.46986,377801,29.00205194,66.66666667,29.01962246,1.113905411,1.222921041,5252218412.0,Japanese,4389475622589.0,Asia,127141000.0
KAZ,6.665776115,1,10510.77189,2717300,41.50151889,150.8364068,30.85478739,4.710547419,1.2,6577824050.0,Kazakh,184388432149.0,Asia,17542806.0
KEN,6.582174403,0,1336.883265,582646,34.3692755,102.7721788,17.30079584,30.19240888,5.718507131,619719962.3,English,64007750169.0,Africa,47878339.0
KGZ,6.50331839,1,1121.082835,198500,82.52250418,121.3890289,25.07806232,14.06076433,3.875825443,1144054000.0,Kyrgyz,6678178340.0,Asia,5956900.0
KHM,1.221270061,0,1162.904995,181035,120.7925497,75.07976437,27.67957211,26.58036001,7.036087179,1822804151.0,Khmer,18049954289.0,Asia,15521435.0
KIR,0.5720157436,0,1542.616968,717,74.21784656,102.3898478,15.22203929,21.57655581,10.40540793,-819824.3529,English,171117872.4,Pacific,110927.0
KNA,-2.30187563,0,18028.97343,269,38.13008521,69.94500727,23.57694221,1.029881405,1.033704225,128828086.3,English,923155555.6,America,51204.0
KOR,0.7062081699,0,28732.23108,99484,65.71657676,59.02676024,34.14993567,2.003907793,2.809103268,4104100000.0,Korean,1465773245547.0,Asia,51014947.0
KWT,3.271701661,0,29869.55275,17818,74.26639312,137.4978497,55.93633334,0.537517441,0.5930196172,284647623.8,Arabic,114567298106.0,Asia,3835588.0
LAO,1.277354271,1,2134.713062,236800,64.8208012,96.06495418,27.69334425,17.5877597,7.270065843,1077759915.0,Lao,14390442307.0,Asia,6741160.0
LBN,-3.749145248,0,7644.545147,10452,45.94971418,104.2067927,15.72948019,3.382572678,0.211611959,2159289952.0,Arabic,49939374833.0,Asia,6532681.0
LBR,7.748696876,0,710.3840166,111369,62.00818382,126.5177235,12.53687441,34.37069562,0.0,232679832.5,English,3177000000.0,Africa,4472229.0
LBY,14.85,0,4337.919139,1759540,99.92410251,135.188248,80.0,1.0,-8.862039363,0.0,Arabic,27842131480.0,Africa,6418315.0
LCA,-0.9843092035,0,10093.61802,617,41.48046802,110.578959,10.94032083,2.16165473,-1.360484662,153713119.4,English,1808079889.0,America,179131.0
LKA,3.768367831,0,3843.780672,65610,36.57631195,110.0882088,27.16952619,8.184271461,5.007683305,679655644.2,Sinhala,80604080689.0,Asia,20970000.0
LSO,3.218445137,1,1146.064688,30355,123.9956711,85.10406329,33.73760289,3.781795521,2.650143853,206514459.9,English,2372280103.0,Africa,2059011.0
LTU,-0.8840974055,0,14258.22933,65300,129.2792299,98.50105395,26.71806,3.42067512,2.024583955,1036954106.0,Lithuanian,41418872976.0,Europe,2904910.0
LUX,0.4747431614,1,101376.4966,2586,70.01191358,75.74993753,11.03811546,0.2256893814,4.306431493,12499722623.0,French,57744457955.0,Europe,569604.0
LVA,0.1742422436,0,13774.60527,64589,99.13855791,105.1109852,19.11231756,3.496190161,4.006874033,812843819.5,Latvian,27239653844.0,Europe,1977527.0
MAR,1.557907113,0,2875.257985,710850,59.72930879,117.6284646,26.0940331,12.62806822,4.536378168,3252913902.0,Arabic,101179808076.0,Africa,34663608.0
MDA,9.676240331,0,2732.457113,33700,76.87310414,72.39673133,22.68975275,11.50526791,-0.3382353245,225565000.0,Romanian,7745231660.0,Europe,2834530.0
MDG,7.404191742,0,467.2355537,587041,42.7712605,85.03812266,12.59330492,25.74334761,3.132295888,328059305.6,French,11323023787.0,Africa,24234080.0
MDV,0.9532066588,0,9033.459724,298,51.97779277,100.7441326,10.68035774,5.564679082,2.884548602,297975993.4,Maldivian,4109447297.0,Asia,454914.0
MEX,2.72064065,0,9616.645558,1967210,67.05808698,93.55396074,29.98530327,3.191923657,3.293151528,35737524436.0,Spanish,1171867608198.0,America,121858251.0
MKD,-0.2999204756,1,4843.492387,25713,108.8544853,96.77532886,23.92218322,9.726918494,3.85586514,296604200.4,Macedonian,10064515432.0,Europe,2079335.0
MLI,1.450690576,1,751.4728866,1240142,49.73000532,156.5409823,17.59796791,37.72325687,6.171800024,275414753.0,French,13104802016.0,Africa,17438772.0
MLT,1.100548264,0,24921.60368,316,77.9249971,138.2553308,12.29359572,0.9228816373,9.608132348,3640705147.0,English,11091434435.0,Europe,445053.0
MMR,9.454171895,0,1144.474341,678500,46.96165919,100.1967444,33.91247241,26.73441801,6.99284029,4083839112.0,Burmese,67822772707.0,Asia,52680724.0
MNG,5.726872247,1,3918.587015,1565500,72.06190118,149.1270021,31.04054776,13.35614513,2.379835807,94319767.47,Mongolian,11749620620.0,Asia,2998433.0
MOZ,3.550759674,0,589.85905,801590,73.64442866,89.67159162,18.0999504,22.9161876,6.72327878,3868353885.0,Portuguese,15950969019.0,Africa,27042001.0
MRT,3.237703083,0,1524.071753,1030700,82.57041603,124.0857947,22.7465106,20.62954561,5.376339237,501726765.7,Arabic,6166857629.0,Africa,4046304.0
MUS,1.286549708,0,9260.447303,2045,63.73432296,119.0235418,19.24209489,3.153993847,3.55307173,216455188.3,English,11692287066.0,Africa,1262605.0
MWI,21.86734755,1,380.5969877,118484,53.22276521,113.6412235,14.80716336,27.48122386,2.799999999,287746689.2,English,6373212641.0,Africa,16745305.0
MYS,2.104389802,0,9955.242722,329758,124.7443197,108.4782183,38.44966979,8.287499926,5.091532422,9857162112.0,Malay,301354803994.0,Asia,30270965.0
NAM,3.394015384,0,4896.61526,825518,103.7830935,126.6879805,27.5636536,6.650426799,4.526767116,838879062.7,English,11272143473.0,Africa,2314901.0
NER,-0.5760903698,1,484.2386326,1267000,31.62433898,171.2281366,22.54547366,32.40157961,4.392648832,529476871.1,French,9685577941.0,Africa,20001663.0
NGA,9.009387183,0,2687.480056,923768,19.49781379,138.4680128,20.1607829,20.63189348,2.652693295,3064168904.0,English,486803295098.0,Africa,181137454.0
NIC,3.997379967,0,2049.851666,130670,93.27642619,206.5980803,25.73488598,16.1101157,4.792056766,967000000.0,Spanish,12756706583.0,America,6223234.0
NLD,0.6002481473,0,45175.23189,41863,141.4604184,93.77183967,18.18602103,1.724327834,1.959169721,322579599792.0,Dutch,765264949781.0,Europe,16939923.0
NOR,2.171136654,0,74355.51586,323752,46.74398015,123.1962762,31.01037938,1.537557599,1.967128438,7274086872.0,Norwegian,385801550067.0,Europe,5188607.0
NPL,7.868908956,1,901.7496077,147181,30.26584262,85.13037453,13.16165463,26.51850843,3.322905439,51895699.93,Nepali,21410840909.0,Asia,27015033.0
NZL,0.2927046281,0,38630.72659,268676,39.8220934,134.8614076,21.1416151,4.471293178,3.618967903,-73372796.42,English,177467529071.0,Pacific,4609400.0
OMN,0.06529013303,0,16033.46383,212379,89.05841949,147.5112507,53.49573982,1.989807283,4.630374517,-2172431730.0,Arabic,68399663322.0,Asia,4267341.0
PAK,2.529328173,0,1356.667831,882872,24.4891881,49.82010906,19.09099426,23.81706316,4.731147475,1673000000.0,Urdu,270556131701.0,Asia,199426953.0
PAN,0.1374920585,0,13630.32287,75648,62.58249864,162.1443795,27.55926037,2.786004533,5.732763632,5119300000.0,Spanish,54091700000.0,America,3968490.0
PER,3.549288049,0,6229.100674,1285216,38.11221271,163.5683002,30.33787987,7.04564406,3.252244772,8313966795.0,Spanish,189805300842.0,America,30470739.0
PHL,0.6741925368,0,3001.043182,300000,43.5893889,82.16603765,30.48195098,10.99649915,6.348309717,5639155962.0,English,306445871632.0,Asia,102113206.0
PLW,0.9490406437,0,15876.46193,487,55.62336138,96.90590275,6.966255517,2.918015801,7.539069794,34583158.15,English,280457700.0,Pacific,17665.0
PNG,5.995957781,0,2679.346579,462840,50.65474813,168.7125148,34.805415,17.45693017,6.578356406,213710099.4,English,21723531182.0,Pacific,8107772.0
POL,-0.8741258741,0,12578.49547,312685,82.79345713,100.1040102,30.12683276,2.374644109,4.236326306,15065000000.0,Polish,477811911394.0,Europe,37986412.0
PRT,0.4879386239,0,19242.36647,92389,61.19041546,95.96141038,19.46438213,2.099443926,1.792046046,1270014233.0,Portuguese,199313894327.0,Europe,10358076.0
PRY,3.129002745,1,5413.776021,406752,51.4976335,127.2500402,34.24949917,9.773175311,3.080374008,480469114.4,Spanish,36164068797.0,America,6688746.0
QAT,1.814077239,0,63039.11263,11437,68.36962432,153.1283796,57.4407932,0.1613183893,4.753345721,1070879121.0,Arabic,161739955578.0,Asia,2565708.0
RUS,15.53440505,0,9313.013625,17075400,39.19658397,138.4996916,29.79405999,3.873104487,-1.972719226,6852970000.0,Russian,1363481063447.0,Asia,144096870.0
RWA,2.528502842,1,751.0773926,26338,35.88221824,173.232393,17.43100117,23.9937393,8.856844355,162083821.0,French,8545441361.0,Africa,11369066.0
SAU,1.206073222,0,20627.92693,2153168,57.80886425,91.45958044,45.27245138,2.6193879,4.106408869,8141026667.0,Arabic,654269902889.0,Asia,31717676.0
SEN,0.1352119336,0,1219.249415,196722,46.1721955,108.6438901,23.58666432,14.28257673,6.367043651,409166125.8,French,17774766636.0,Africa,14578450.0
SGP,-0.5226181671,0,55646.61875,646,210.6056065,87.62251704,24.28842438,0.0326135138,2.988520676,69774553125.0,English,308004146058.0,Asia,5535002.0
SLE,6.693679279,0,588.2288628,73326,48.4032627,47.89253252,4.555925675,58.6518937,-20.59877072,252435829.4,English,4218723875.0,Africa,7171909.0
SLV,-0.7313844874,0,3705.579704,21041,67.419738,94.58358485,25.28897221,5.529809405,2.395028298,494541718.1,Spanish,23438240000.0,America,6325121.0
STP,5.250170864,0,1584.775657,964,48.40759999,137.2742209,15.31847367,11.94616949,3.911339748,27924059.14,Portuguese,316065369.9,Africa,199439.0
SUR,6.893903592,0,9168.237157,163820,71.78678847,126.6820613,27.25663717,10.40822152,-3.411095864,183665852.7,Dutch,4787367928.0,America,559136.0
SVK,-0.3252197774,1,16310.98841,49036,167.2737532,92.35860409,30.51119375,2.623777003,4.81489967,1520387926.0,Slovak,88467555244.0,Europe,5423801.0
SVN,-0.5255522858,0,20881.76693,20256,143.2902101,95.95970196,28.02676657,2.096596213,2.210081607,1730147099.0,Slovenian,43090173395.0,Europe,2063531.0
SWE,-0.04678474498,0,51545.48361,449964,55.12154339,92.4138947,22.15807176,1.449558382,4.489281588,10254328595.0,Swedish,505103781350.0,Europe,9799186.0
SWZ,4.951244937,1,3679.819798,17364,79.35685718,110.2425604,35.75730076,9.355657868,2.203324126,31498094.37,Swati,4062999999.0,Africa,1104038.0
SYC,4.041944107,0,14745.34146,455,102.069332,81.82294942,11.8221643,2.045977369,4.937385619,105893597.2,English,1377495054.0,Africa,93419.0
TCD,4.377126651,1,776.0197523,1284005,55.94320164,126.1108235,13.65213457,50.3955823,2.767675685,559642022.5,French,10950392220.0,Africa,14110971.0
TGO,2.58390527,0,570.9099672,56785,80.05518135,115.1750732,15.59274967,24.37400299,5.742868453,257860036.5,French,4180866177.0,Africa,7323162.0
THA,-0.9004249633,0,5840.053067,513115,103.9039875,102.1271742,36.17917733,8.872723648,3.133896962,8927579182.0,Thai,401295941041.0,Asia,68714519.0
TJK,5.714559496,1,978.4049812,143095,52.31244522,82.85400626,30.2202135,21.59057472,6.008287872,454012320.0,Tajik,7854602392.0,Asia,8454019.0
TKM,7.41,1,6432.685325,488100,47.4864125,172.7565323,54.29333035,9.306538759,6.49999991,3042968000.0,Turkmen,35799714286.0,Asia,5565283.0
TON,-1.05399832,0,4336.239603,748,51.9443399,113.6042878,15.49235067,16.8686027,1.171888256,6349155.28,Tongan,437006227.2,Pacific,100780.0
TTO,4.661215981,0,18214.46062,5130,80.05253796,138.8331324,39.13317712,1.054221977,1.823184697,176829744.9,English,25062893969.0,America,1370332.0
TUN,4.437371273,0,3861.6924,164150,79.43292698,104.2863638,24.98307931,10.28270429,1.194541753,970521888.7,Arabic,43173480832.0,Africa,11179951.0
TUR,7.670853648,0,11006.27952,780576,42.18372878,98.25700289,27.83434929,6.868375345,6.0844869,19263000000.0,Turkish,864314287106.0,Europe,78529413.0
TZA,5.58816953,0,947.9333517,945090,32.97480365,158.1840025,24.48735011,26.74588573,6.160628774,1506024896.0,English,47378599025.0,Africa,51482638.0
UGA,5.410004196,1,843.6295453,241038,24.17195437,117.5015338,26.3940037,23.63931779,5.187859863,737652140.2,English,32248116584.0,Africa,38225447.0
UKR,48.69986464,0,2124.662319,603677,83.09700398,83.58724924,21.72795774,12.05937611,-9.772960791,-369000000.0,Ukrainian,91030959455.0,Europe,45154036.0
URY,8.666269871,0,15613.74597,176215,32.24256093,117.3336141,25.44175806,6.131441946,0.3707412563,2673041339.0,Spanish,53274304222.0,America,3412013.0
USA,0.1186271356,0,56863.3715,9529106,20.93327164,100.0,18.54450775,1.043866452,2.908021861,511434000000.0,English,18224704440000.0,America,320738994.0
UZB,8.5,1,2615.025134,447400,25.54020946,153.0548751,23.71705603,30.7733232,7.447705075,1041199291.0,Uzbek,81847410182.0,Asia,31298900.0
VCT,-1.73361195,0,6921.702479,389,50.30447445,107.8033297,15.40905481,6.237068416,1.330275498,119385964.3,English,755400000.0,America,109135.0
VNM,0.6312009052,0,2085.101349,331114,169.5679569,131.4520467,33.25008073,16.992212,6.679288789,11800000000.0,Vietnamese,193241108710.0,Asia,92677082.0
WSM,0.7244701349,0,4073.729164,2842,54.54725376,83.39402557,17.51408917,8.710140864,4.272188528,26867532.32,Samoan,788307330.6,Pacific,193510.0
YEM,22.0,0,1601.830063,547244,19.98817183,139.2722532,36.36740441,7.104681636,-27.99443852,-15444808.35,Arabic,42450620876.0,Asia,26497881.0
ZAF,4.509208278,0,5734.633422,1219912,58.45119779,140.0047719,26.02837513,2.088751184,1.193732801,1521139945.0,English,317620522795.0,Africa,55386369.0
ZMB,10.11059289,1,1338.290927,752614,68.42902285,162.308376,33.65724912,4.980836564,2.920375112,1582666667.0,English,21243339048.0,Africa,15879370.0
ZWE,-2.430968424,1,1445.069702,390759,46.59091224,110.516422,22.3583917,8.284246903,1.779872703,399200000.0,English,19963120600.0,Africa,13814642.0
